,bookleverage1,ebitint,cash,profitability,totalpayout,markettobook
bookleverage1,1.0,-0.002522541530951503,0.03277698236942664,-0.5639752185186915,-0.03082668278318501,0.324151581553385
ebitint,-0.002522541530951503,1.0,-0.057132950002314255,0.012870042952651112,0.020307037837694768,-0.0023713049616092387
cash,0.03277698236942664,-0.057132950002314255,1.0,-0.09905490978778397,-0.06506392044332002,0.08131547017436291
profitability,-0.5639752185186915,0.012870042952651112,-0.09905490978778397,1.0,0.03981194885312762,-0.4252463162311342
totalpayout,-0.03082668278318501,0.020307037837694768,-0.06506392044332002,0.03981194885312762,1.0,-0.022254140036739107
markettobook,0.324151581553385,-0.0023713049616092387,0.08131547017436291,-0.4252463162311342,-0.022254140036739107,1.0
