,bookleverage1,ebitint,cash,profitability,totalpayout,markettobook
bookleverage1,1.0,-0.002522541530951492,0.032776982369426486,-0.5639752185186915,-0.030826682783184896,0.3241515815533849
ebitint,-0.002522541530951492,1.0,-0.05713295000231423,0.012870042952651112,0.020307037837694723,-0.0023713049616092335
cash,0.032776982369426486,-0.05713295000231423,1.0,-0.09905490978778385,-0.06506392044331971,0.08131547017436294
profitability,-0.5639752185186915,0.012870042952651112,-0.09905490978778385,1.0,0.03981194885312757,-0.4252463162311342
totalpayout,-0.030826682783184896,0.020307037837694723,-0.06506392044331971,0.03981194885312757,1.0,-0.022254140036739086
markettobook,0.3241515815533849,-0.0023713049616092335,0.08131547017436294,-0.4252463162311342,-0.022254140036739086,1.0
