,Financial Firms,Financial Firms,Financial Firms,Financial Firms,Utility Firms,Utility Firms,Utility Firms,Utility Firms,Non-Financial & Non-Utility Firms,Non-Financial & Non-Utility Firms,Non-Financial & Non-Utility Firms,Non-Financial & Non-Utility Firms,Non-Financial Complete Assets Firms,Non-Financial Complete Assets Firms,Non-Financial Complete Assets Firms,Non-Financial Complete Assets Firms
,mean,median,std,count,mean,median,std,count,mean,median,std,count,mean,median,std,count
bookleverage1,0.44473907366027143,0.2823758346551675,2.9115212341845442,3355.0,0.512873856475099,0.36920572420969433,1.9872935607341997,2835.0,0.6888436046762791,0.25569795635607895,7.827372812044598,23727.0,0.6888436046762791,0.25569795635607895,7.827372812044598,23727.0
bookleverage2,1.274708508783854,0.635340813513466,18.334837087509765,3355.0,1.116135763865054,0.6698632002113307,9.569184264607156,2835.0,1.7086384289633463,0.5569822019331385,26.0808501273649,23727.0,1.7086384289633463,0.5569822019331385,26.0808501273649,23727.0
marketleverage,0.013424409768907476,0.00028295087918133035,0.08260718854362349,3355.0,0.01204804688326539,0.00016037354172818388,0.07727302824283303,2835.0,0.019796543464220433,0.00021188620824366046,0.09926323680053488,23727.0,0.019796543464220433,0.00021188620824366046,0.09926323680053488,23727.0
