,Financial Firms,Financial Firms,Financial Firms,Financial Firms,Utility Firms,Utility Firms,Utility Firms,Utility Firms,Non-Financial & Non-Utility Firms,Non-Financial & Non-Utility Firms,Non-Financial & Non-Utility Firms,Non-Financial & Non-Utility Firms,Non-Financial Complete Assets Firms,Non-Financial Complete Assets Firms,Non-Financial Complete Assets Firms,Non-Financial Complete Assets Firms
,mean,median,std,count,mean,median,std,count,mean,median,std,count,mean,median,std,count
bookleverage1_winsorized,0.22843126585394768,0.12343108204761419,0.4549369590025688,58700.0,0.4527353036371064,0.35394938431868705,0.8590608951653621,11050.0,0.41039586888797097,0.1744991960058088,1.255846450060226,106423.0,0.37764910975522337,0.17310417074343354,1.1340872519597824,101650.0
bookleverage2_winsorized,0.8508916900580982,0.8832080913196648,1.6049177438818116,60062.0,1.023753993699406,0.6634942558866914,3.6597603181991802,11076.0,1.2756736277050094,0.49579166191999363,5.324465562795937,106780.0,1.1356737560280732,0.49180604992733734,4.794953500831397,101944.0
marketleverage_winsorized,0.011674085336975388,0.0004426371331647611,0.06872082891338567,34501.0,0.01860575336466062,0.0003546991208513247,0.08722251611768624,10526.0,0.028602835755185053,0.0003363797046680809,0.11161342230289753,100402.0,0.025145629412251527,0.00030776714618590975,0.10288923453346648,95799.0
