,Financial Firms,Financial Firms,Financial Firms,Financial Firms,Utility Firms,Utility Firms,Utility Firms,Utility Firms,Non-Financial & Non-Utility Firms,Non-Financial & Non-Utility Firms,Non-Financial & Non-Utility Firms,Non-Financial & Non-Utility Firms,Non-Financial Complete Assets Firms,Non-Financial Complete Assets Firms,Non-Financial Complete Assets Firms,Non-Financial Complete Assets Firms
,mean,median,std,count,mean,median,std,count,mean,median,std,count,mean,median,std,count
bookleverage1,0.40689747800035675,0.2821452481589176,1.215924474755439,3371.0,0.4888504850658724,0.36874961746364066,1.194724937341898,2846.0,0.514148599915839,0.25527685711400216,1.921695031589181,23949.0,0.514148599915839,0.25527685711400216,1.921695031589181,23949.0
bookleverage2,1.0038576988743377,0.6356913020771913,6.2890811722679585,3371.0,1.0666737649069202,0.6697990078138405,8.155933545194243,2846.0,1.383744914226821,0.5569084356740492,9.564359404164144,23949.0,1.383744914226821,0.5569084356740492,9.564359404164144,23949.0
marketleverage,0.013928466877356598,0.00028041236602437716,0.08290517755305109,3371.0,0.011686895303782792,0.00015892057875234748,0.0730538228964848,2846.0,0.02028012084562074,0.0002114869635719162,0.09800391699200503,23949.0,0.02028012084562074,0.0002114869635719162,0.09800391699200503,23949.0
