,Coef.,Std.Err.,z,P>|z|,[0.025,0.975]
const,-7.168788410023526e-19,0.002119298974286143,-3.3826225072553696e-16,0.9999999999999998,-0.004153749662073519,0.0041537496620735175
profitability_winsorized,-0.1895144255368081,0.013200615823053253,-14.356483672969594,9.702662240935052e-47,-0.21538715712374204,-0.16364169394987418
