,Coef.,Std.Err.,t,P>|t|,[0.025,0.975]
const,3.8520127022598254e-05,0.010688695159912047,0.0036038194041746086,0.9971246043815922,-0.020911996383445982,0.020989036637491177
Δx,-0.22187813554768115,0.002635734447341057,-84.18076250872429,0.0,-0.22704434126597428,-0.21671192982938803
