,Coef.,Std.Err.,t,P>|t|,[0.025,0.975]
const,3.069518527488323e-17,0.056387925381498796,5.443574145920697e-16,0.9999999999999996,-0.11052027037392168,0.11052027037392173
demeaned_x,-0.6150798158522048,0.006041516743525852,-101.80884072055751,0.0,-0.6269211818795163,-0.6032384498248934
