,Coef.,Std.Err.,t,P>|t|,[0.025,0.975]
const,0.5594668800377578,0.06963687619626546,8.034060552356616,9.579849519874762e-16,0.42297868095725455,0.695955079118261
profitability,-0.524441587260977,0.0056633628896168246,-92.60250446293757,0.0,-0.5355417721596301,-0.513341402362324
