,Coef.,Std.Err.,t,P>|t|,[0.025,0.975]
const,-1.749589245470873e-17,0.03640522075134633,-4.805874567883701e-16,0.9999999999999996,-0.07135656187546296,0.07135656187546294
demeaned_x,-0.4043453475948242,0.005342770021303114,-75.68084457736092,0.0,-0.4148175186665347,-0.3938731765231137
