,Coef.,Std.Err.,z,P>|z|,[0.025,0.975]
const,0.33532379406337987,0.0026543442637153867,126.33018205182412,0.0,0.33012137490392723,0.3405262132228325
profitability_winsorized,-0.2603129146416605,0.012638361262144945,-20.597046503280676,2.916994874672356e-94,-0.2850836475390708,-0.23554218174425023
