,Coef.,Std.Err.,z,P>|z|,[0.025,0.975]
const,3.069518527488323e-17,0.0563879253814988,5.443574145920697e-16,0.9999999999999996,-0.11051830291066961,0.11051830291066966
demeaned_x,-0.6150798158522048,0.09520773043518309,-6.460397837872502,1.0442807382355247e-10,-0.8016835385549617,-0.428476093149448
