,Coef.,Std.Err.,t,P>|t|,[0.025,0.975]
const,0.41549236954334,0.010297039254530163,40.350663843545604,0.0,0.3953095233466686,0.43567521574001145
profitability,-0.3010851455266174,0.002848880754753897,-105.68541523691358,0.0,-0.30666913143601937,-0.29550115961721546
