,Coef.,Std.Err.,z,P>|z|,[0.025,0.975]
const,3.8520127022598254e-05,0.010688728785721335,0.0036038080668728185,0.9971245834073932,-0.020911003333507764,0.02098804358755296
Δx,-0.22187813554768115,0.021086912868281196,-10.522077694996733,6.834948982225749e-26,-0.26320772531464653,-0.1805485457807158
