,Coef.,Std.Err.,z,P>|z|,[0.025,0.975]
const,0.41549236954334,0.008798717028946091,47.22192658048325,0.0,0.3982472010564464,0.4327375380302336
profitability,-0.3010851455266174,0.025246885559409835,-11.925635136980258,8.701782607241403e-33,-0.3505681319448651,-0.25160215910836975
