,Coef.,Std.Err.,z,P>|z|,[0.025,0.975]
const,3.3347726099777354e-05,0.05943845532786363,0.0005610463111100494,0.9995523498339546,-0.11646388401320583,0.11653057946540539
Δx,-0.40021790949437397,0.16927342235447113,-2.364328102590659,0.018062807617450327,-0.7319877208489747,-0.06844809813977326
