,Coef.,Std.Err.,z,P>|z|,[0.025,0.975]
const,0.023428015773192475,0.0025744361850050046,9.100251118924874,9.012320771054277e-20,0.01838221357008597,0.02847381797629898
profitability_winsorized,-0.14145261270530657,0.013414559688204951,-10.544707839324902,5.373962200063147e-26,-0.16774466656265113,-0.115160558847962
