,Coef.,Std.Err.,z,P>|z|,[0.025,0.975]
const,0.5594668800377578,0.05196350146813616,10.766535437971227,4.952896503633947e-27,0.4576202886496167,0.6613134714258989
profitability,-0.524441587260977,0.13985549017715282,-3.749882014618624,0.00017691779108246263,-0.7985533110483918,-0.2503298634735622
