,Coef.,Std.Err.,t,P>|t|,[0.025,0.975]
const,0.5265878502710954,0.04532826399233772,11.617207540975091,4.091276437334985e-31,0.43774155274776705,0.6154341477944238
profitability,-0.42363097714382203,0.005399749905840642,-78.45381444159135,0.0,-0.4342148324347941,-0.41304712185285
