,Coef.,Std.Err.,z,P>|z|,[0.025,0.975]
const,-1.749589245470873e-17,0.036405220751346334,-4.8058745678837e-16,0.9999999999999997,-0.07135292152186903,0.071352921521869
demeaned_x,-0.4043453475948242,0.20685957701295174,-1.954685170653267,0.05062024148384317,-0.8097826683973992,0.0010919732077508404
