,Coef.,Std.Err.,t,P>|t|,[0.025,0.975]
const,-7.168788410023526e-19,0.0021192989742861517,-3.382622507255356e-16,0.9999999999999998,-0.004153823382211603,0.004153823382211601
profitability_winsorized,-0.1895144255368081,0.0015259796063042145,-124.19197789660835,0.0,-0.19250534368774033,-0.1865235073858759
