,Coef.,Std.Err.,t,P>|t|,[0.025,0.975]
const,0.023428015773192475,0.0025565409746045533,9.163950824929113,5.159371770641878e-20,0.018417184102617962,0.028438847443766988
profitability_winsorized,-0.14145261270530657,0.0013969746541722503,-101.25639164808005,0.0,-0.14419068923513764,-0.1387145361754755
