,Coef.,Std.Err.,t,P>|t|,[0.025,0.975]
const,-3.2351246982143046e-06,0.07372984548570632,-4.387808867497876e-05,0.9999649904792306,-0.14451364945029688,0.14450717920090045
Δx,-0.449066740661186,0.004384569714788459,-102.41979712320574,0.0,-0.45766049237664824,-0.4404729889457238
