mean,median,min,max,quartile
-0.23444089563090192,-0.12484301150186841,-3.8162328377642907,5.457949217722217,1.0
-0.5522251838516861,-0.25290961308550663,-6.423553353123257,8.431328884408778,2.0
-1.0123156427565687,-0.9370049227951058,-7.134161042414115,4.451339322432403,3.0
-0.5707620767235178,-0.6171583847342086,-6.107662654749425,14.634604658405854,4.0
