mean,median,min,max,quartile
-0.17486902686932992,-0.18324163286040862,-5.780021436555915,7.240859840403356,1.0
0.14433099317939282,-0.03206546638878946,-6.876628144671302,21.40004456210283,2.0
-0.2726315330713941,-0.147048549125337,-11.234887407275387,8.729869507485546,3.0
-0.28960018737691356,-0.3464976319591382,-10.406917578077227,9.40690489283482,4.0
